time,score,avgEnergyInc,T,realTemp,pbad,lower,higher,timer
0.0240000000,0.0074129781,-0.0000100000,0.0039810717,0.0039810717,-nan,0.0000050119,0.0039810717,0.0000000000
12.0040000000,0.0037465211,-0.0000100000,0.0010499292,0.0010499292,0.9888201708,0.0000050119,0.0039810717,718.5600000000
24.0440000000,0.0043557428,-0.0000100000,0.0002748105,0.0002748105,0.9656332330,0.0000050119,0.0039810717,1441.2000000000
36.3520000000,0.0046426913,-0.0000100000,0.0000698468,0.0000698468,0.8496411773,0.0000050119,0.0039810717,2179.6800000000
48.5880000000,0.0131090863,-0.0000100000,0.0000178953,0.0000178953,0.4697275291,0.0000050119,0.0039810717,2913.8400000000
61.1080000000,0.2115508851,-0.0000100000,0.0000044423,0.0000044423,0.0185916640,0.0000050119,0.0039810717,3665.0400000000
