time,score,avgEnergyInc,T,realTemp,pbad,lower,higher,timer
0.0000000000,0.0079584775,-0.0000100000,0.0100000000,0.0100000000,-nan,0.0000079433,0.0100000000,0.0000000000
5.2400000000,0.0098803952,-0.0000100000,0.0035381625,0.0035381625,0.9908991589,0.0000079433,0.0100000000,524.0000000000
