time,score,avgEnergyInc,T,realTemp,pbad,lower,higher,timer
0.0080000000,0.1267996302,-0.0000100000,0.0251188643,0.0251188643,-nan,0.0000125893,0.0251188643,0.0000000000
8.5280000000,0.0959660843,-0.0000100000,0.0085345377,0.0085345377,0.9924222410,0.0000125893,0.0251188643,511.4400000000
17.0960000000,0.0954031844,-0.0000100000,0.0028836331,0.0028836331,0.9803415818,0.0000125893,0.0251188643,1025.5200000000
25.6000000000,0.1005611817,-0.0000100000,0.0009827431,0.0009827431,0.9317962594,0.0000125893,0.0251188643,1535.5200000000
34.0880000000,0.1095070880,-0.0000100000,0.0003352587,0.0003352587,0.8126529848,0.0000125893,0.0251188643,2045.0400000000
42.6800000000,0.2658209066,-0.0000100000,0.0001129900,0.0001129900,0.2491212898,0.0000125893,0.0251188643,2560.3200000000
51.5720000000,0.7481557377,-0.0000100000,0.0000366421,0.0000366421,0.0126552542,0.0000125893,0.0251188643,3093.8400000000
60.7200000000,0.8483371249,-0.0000100000,0.0000114979,0.0000114979,0.0001762477,0.0000125893,0.0251188643,3642.9600000000
