time,score,avgEnergyInc,T,realTemp,pbad,lower,higher,timer
0.0000000000,1.0000000000,-0.0000100000,0.0000000033,0.0000000033,-nan,0.0000000000,0.0000000033,0.0000000000
6.3520000000,1.0000000000,-0.0000100000,0.0000000029,0.0000000029,0.0000000000,0.0000000000,0.0000000033,76.2240000000
12.6840000000,1.0000000000,-0.0000100000,0.0000000026,0.0000000026,0.0000000000,0.0000000000,0.0000000033,152.2080000000
18.9400000000,1.0000000000,-0.0000100000,0.0000000022,0.0000000022,0.0000000000,0.0000000000,0.0000000033,227.2320000000
25.1880000000,1.0000000000,-0.0000100000,0.0000000019,0.0000000019,0.0000000000,0.0000000000,0.0000000033,302.2080000000
31.5640000000,1.0000000000,-0.0000100000,0.0000000017,0.0000000017,0.0000000000,0.0000000000,0.0000000033,378.7200000000
37.9280000000,1.0000000000,-0.0000100000,0.0000000015,0.0000000015,0.0000000000,0.0000000000,0.0000000033,455.1360000000
