time,score,avgEnergyInc,T,realTemp,pbad,lower,higher,timer
0.0040000000,0.0077968104,-0.0000100000,0.0099990483,0.0099990483,-nan,0.0000079433,0.0100000000,0.0480000000
