time,score,avgEnergyInc,T,realTemp,pbad,lower,higher,timer
0.0040000000,0.0000000000,-0.0000100000,0.0000022387,0.0000022387,-nan,0.0000022387,0.0000022387,0.0000000000
4.7760000000,0.0001201490,-0.0000100000,0.0000022387,0.0000022387,0.0000000000,0.0000022387,0.0000022387,57.3120000000
9.5200000000,0.0001201490,-0.0000100000,0.0000022387,0.0000022387,0.0000000000,0.0000022387,0.0000022387,114.1920000000
0.0040000000,0.0000000000,-0.0000100000,0.0000000000,0.0000000000,-nan,0.0000022387,0.0000022387,4.4640000000
