time,score,avgEnergyInc,T,realTemp,pbad,lower,higher,timer
0.0000000000,0.0078563412,-0.0000100000,0.0251188643,0.0251188643,-nan,0.0000079433,0.0251188643,0.0000000000
5.1600000000,0.0079158790,-0.0000100000,0.0245452052,0.0245452052,0.9962621800,0.0000079433,0.0251188643,10.3200000000
