time,score,avgEnergyInc,T,realTemp,pbad,lower,higher,timer
0.0040000000,0.0021891718,-0.0000100000,-nan,-nan,-nan,0.0000010000,0.0025118864,-nan
11.3440000000,0.1542694565,-0.0000100000,0.0000000000,0.0000000000,0.0000000000,0.0000010000,0.0025118864,inf
