time,score,avgEnergyInc,T,realTemp,pbad,lower,higher,timer
0.0000000000,0.1277408229,-0.0000100000,0.0251188643,0.0251188643,-nan,0.0000100000,0.0251188643,0.0000000000
8.1880000000,0.0962102616,-0.0000100000,0.0000005756,0.0000005756,0.9925838825,0.0000100000,0.0251188643,4912.8000000000
