time,score,avgEnergyInc,T,realTemp,pbad,lower,higher,timer
0.0000000000,0.1250225293,-0.0000100000,0.0316227766,0.0316227766,-nan,0.0000100000,0.0316227766,0.0000000000
7.9000000000,0.1002996651,-0.0000100000,0.0000007792,0.0000007792,0.9937721953,0.0000100000,0.0316227766,4740.0000000000
