time,score,avgEnergyInc,T,realTemp,pbad,lower,higher,timer
0.0000000000,0.1284865702,-0.0000100000,0.0251188643,0.0251188643,-nan,0.0000100000,0.0251188643,0.0000000000
8.4000000000,0.1021566402,-0.0000100000,0.0000004388,0.0000004388,0.9924411784,0.0000100000,0.0251188643,5037.6000000000
