time,score,avgEnergyInc,T,realTemp,pbad,lower,higher,timer
0.0000000000,0.0077968104,-0.0000100000,-nan,-nan,-nan,0.0000079433,0.0100000000,-nan
5.2680000000,0.4649265905,-0.0000100000,0.0000000000,0.0000000000,0.0000000000,0.0000079433,0.0100000000,inf
