time,score,avgEnergyInc,T,realTemp,pbad,lower,higher,timer
0.0000000000,0.1253380291,-0.0000100000,0.0211348904,0.0211348904,-nan,0.0000105925,0.0211348904,0.0000000000
7.8960000000,0.0921630859,-0.0000100000,0.0000009598,0.0000009598,0.9910593984,0.0000105925,0.0211348904,4737.6000000000
